protocol,features,model,macro_f1,accuracy,precision,recall,roc_auc,mcc,fake_FNR,fake_FPR
de-duplicated (ours),word TF-IDF only (previous best),calibrated LinearSVC,0.9737,0.9739,0.9699,0.9728,0.9968,0.9474,0.0272,0.0251
de-duplicated (ours),word + char_wb + surface,SGD (modified Huber),0.9832,0.9834,0.9787,0.9848,0.984,0.9665,0.0152,0.0178
de-duplicated (ours),word + char_wb + surface,SGD (log loss),0.9849,0.985,0.9821,0.985,0.9982,0.9698,0.015,0.0149
de-duplicated (ours),word + char_wb + surface,LogisticRegression (lbfgs),0.9853,0.9854,0.9841,0.9838,0.9985,0.9706,0.0162,0.0132
de-duplicated (ours),word + char_wb + surface,STACKED (3 models),0.9855,0.9857,0.9843,0.9841,0.9987,0.9711,0.0159,0.013
RAW (published protocol),word TF-IDF only (previous best),calibrated LinearSVC,0.9783,0.9783,0.9819,0.9757,0.9977,0.9566,0.0243,0.019
RAW (published protocol),word + char_wb + surface,SGD (modified Huber),0.9859,0.986,0.983,0.9898,0.9871,0.9719,0.0102,0.0181
RAW (published protocol),word + char_wb + surface,SGD (log loss),0.9705,0.9705,0.9602,0.9835,0.9864,0.9412,0.0165,0.0432
RAW (published protocol),word + char_wb + surface,LogisticRegression (lbfgs),0.9881,0.9881,0.9904,0.9863,0.999,0.9761,0.0137,0.0101
RAW (published protocol),word + char_wb + surface,STACKED (3 models),0.9885,0.9885,0.9896,0.9881,0.999,0.9771,0.0119,0.011
