platform,topic,n_train,n_test,pct_fake,specialist,matched,gain
snope,Business,382,88,79.1,0.4969,0.5339,-0.037
snope,Conflict,734,156,62.1,0.5478,0.4884,0.0594
snope,Entertainment,937,216,61.5,0.6744,0.5836,0.0907
snope,Health,260,60,69.2,0.4563,0.4376,0.0187
snope,Politics,1676,372,66.3,0.5976,0.6073,-0.0097
snope,Society,1256,277,71.9,0.6222,0.5426,0.0796
reddit,Entertainment,753,155,71.8,0.8685,0.8801,-0.0116
reddit,Politics,568,103,54.6,0.883,0.8543,0.0286
reddit,Society,631,111,71.2,0.8746,0.8297,0.0449
cnn,Entertainment,346,67,4.0,0.4962,0.4931,0.0031
cnn,Politics,590,140,14.6,0.4615,0.4615,0.0
cnn,Society,265,58,10.9,0.4775,0.5098,-0.0323
washingtonpost,Politics,330,65,37.6,0.49,0.5063,-0.0164
twitter,Politics,226,54,60.6,0.5309,0.4805,0.0504
twitter,Society,174,43,69.0,0.5784,0.5778,0.0006
apnews,Politics,241,45,12.9,0.4767,0.4767,-0.0
